Bosnian Rainbows	Turtle Neck	Bosnian Rainbows	6:23:00
Chromatics	Ceremony	Cherry	6:13:00
Daeva	Dream	Beta Persei	2:19:00
Broken Social Scene	Mouth Guards of the Apocalypse	Hug of Thunder	5:44:00
Radiohead	Weird Fishes/ Arpeggi	In Rainbows	5:18:00
Xiu Xiu	I Luv the Valley OH!	Fabulous Muscles	2:59:00
Xiu Xiu	The Call	FORGET	3:17:00
GoldLink	Spectrum	And After That, We Didn't Talk	3:11:00
Nmesh	Dream Sequins®	Dream Sequins®	3:40:00
Mount Kimbie	How We Got By	Love What Survives	5:6:00
Spiritualized	Ladies and Gentlemen We Are Floating in Space	Ladies And Gentlemen We Are Floating In Space/Pill-Packaging	3:40:00
Gangly	Whole Again	Whole Again	4:33:00
Dirty Projectors	Little Bubble	Dirty Projectors	5:5:00
Shabazz Palaces	Late night phone calls	Quazarz vs. The Jealous Machines	3:25:00
Busdriver	Worlds to Run	Thumbs	5:15:00
serpentwithfeet	four ethers	blisters	4:29:00
Lemon Demon	Touch-Tone Telephone	Spirit Phone	4:42:00
Dan Deacon	Wham City	Spiderman Of The Rings	11:45:00
Sunset Rubdown	Us Ones In Between	Shut Up I Am Dreaming	4:26:00
Post Animal	When I Get Home	The Garden Series	5:23:00
Car Seat Headrest	Unforgiving Girl (She's Not An)	Teens Of Denial	5:26:00
Swet Shop Boys	Tiger Hologram	Cashmere	2:56:00
Perfume Genius	Grid	Too Bright	2:39:00
Le1f	Change	Riot Boi	4:55:00
Jack Colwell	Seek the Wild (Lonelyspeck Remix)	Seek the Wild (Lonelyspeck Remix)	3:6:00
Geotic	Valiance	Abysma	5:22:00
Geotic	Actually Smiling	Abysma	4:54:00
Frankie Cosmos	Young	Fit Me In	2:2:00
Frank Ocean	Chanel	Chanel	3:30:00
Against Me!	Dead Rats	Shape Shift With Me	4:8:00
Tobacco	Video Warning Attempts	Ultima II Massage	2:59:00
Forest Swords	Shrine Out	Shrine (Original Dance Score)	6:56:00
Gangly	Blow Out	Blow Out	4:2:00
Zola Jesus	Wiseblood	Okovi	4:38:00
Ra Ra Riot	Water	Water	4:40:00
Animal Collective	New Town Burnout - Shabazz Palaces Remix	Monkey Been To Burn Town	7:56:00
Cold War Kids	Rubidoux	Robbers & Cowards	11:2:00
Open Mike Eagle	Raps for When It's Just You and the Abyss	A Special Episode - EP	4:10:00
Swet Shop Boys	Zombie	Sufi La	2:27:00
C Duncan	Last To Leave	The Midnight Sun	3:30:00
Dark Rooms	I Get Overwhelmed	Distraction Sickness	4:48:00
Fire-Toolz	? [CODENAME_AUTO-BRIGHTNESS]	Drip Mental	8:37:00
Xiu Xiu	Hay Choco Bananas	FORGET	3:47:00
Tusks	For You	False	3:50:00
serpentwithfeet	blisters	blisters	6:48:00
Lemon Demon	Cabinet Man	Spirit Phone	4:22:00
Jaala	Hard Hold	Hard Hold	4:3:00
Remember Remember	Why You Got A Blue Face?	Forgetting The Present	8:25:00
Car Seat Headrest	Connect the Dots (The Saga of Frank Sinatra)	Teens Of Denial	6:7:00
James McAlister	Jupiter	Planetarium	7:10:00
Dan Deacon	Steely Blues	Gliss Riffer	7:35:00
Enon	Natural Disasters	High Society	2:49:00
Nicole Dollanganger	You're so Cool	Natural Born Losers	4:15:00
Jay Som	For Light	Everybody Works	7:22:00
The Birthday Party	Wild World	Hits	3:26:00
Son Lux	Let Go	We Are Rising	3:21:00
Flying Lotus	Never Catch Me (feat. Kendrick Lamar)	Never Catch Me (feat. Kendrick Lamar)	3:54:00
Joanne Robertson	FUCKBOY ANTHEM	WAHALLA	4:4:00
Nick Cave & The Bad Seeds	We Call Upon the Author	Dig, Lazarus, Dig!!!	5:11:00
Dean Blunt	HUSH	Black Metal	1:16:00
Beck	Let's Get Lost	Let's Get Lost	4:10:00
Jpegmafia	Ash My Blunt on a Suspended License / Don't Ruin That Boy	Ash My Blunt on a Suspended License / Don't Ruin That Boy	5:51:00
Dedekind Cut	Instinct	$uccessor (ded004)	4:2:00
Moses Sumney	Lonely World - Lamentations Version	Lonely World (Lamentations Version)	4:47:00
Prince	Moonbeam Levels	4Ever	4:6:00
CSS	Faith in Love	Planta	4:38:00
Trim	No Manners	1-800 DINOSAUR Presents Trim	2:54:00
The Haxan Cloak	Mara	Excavation	3:13:00
LCD Soundsystem	oh baby	american dream	5:49:00
Forest Swords	The Highest Flood	Compassion	5:7:00
James McAlister	Pluto	Planetarium	4:23:00
Father John Misty	Things It Would Have Been Helpful to Know Before the Revolution - The Haxan Cloak Remix	Things It Would Have Been Helpful to Know Before the Revolution (The Haxan Cloak Remix)	4:18:00
Speedy Ortiz	No Below	Major Arcana	3:43:00
Gary Numan	M.E.	The Pleasure Principle	5:37:00
Lemon Jelly	Ramblin' Man	Lost Horizons	7:6:00
Jen Cloher	Forgot Myself	Jen Cloher	4:23:00
Games	Strawberry Skies - Gatekeeper Remix	That We Play	3:19:00
BROCKHAMPTON	JUNKY	SATURATION II	4:8:00
XXX	Flight Attendant	KYOMI	3:46:00
Daughter	No Care	Not To Disappear	2:53:00
GUM	Gemini	Flash In The Pan	4:25:00
Fire-Toolz	The Graying of The Crocs [CODENAME_PASSBOOK]	Drip Mental	4:26:00
Steve Miller Band	Threshold	Greatest Hits 1974-78	1:6:00
ANOHNI	Paradise	Paradise	4:28:00
Perfume Genius	Otherside	No Shape	2:40:00
Death Grips	Deep Web	No Love Deep Web	2:18:00
Clark	Suns Of Temper	Totems Flare	5:47:00
Death Grips	Double Helix	The Money Store	2:40:00
Metahesh	Crystal	Czeluść vol.#2	3:13:00
Mokumedori	nursery	Mokumedori	4:34:00
LCD Soundsystem	someone great - live at madison square garden	the long goodbye (lcd soundsystem live at madison square garden)	6:32:00
Tobacco	Spitlord	Ultima II Massage	1:9:00
Camp Cope	Jet Fuel Can't Melt Steel Beams	Camp Cope	4:5:00
Black Marble	Iron Lung	It's Immaterial	3:57:00
Chelou	Damned Eye See	Damned Eye See	4:1:00
Minimal Man	Pull Back the Bolt	Safari	2:55:00
Death Grips	Hacker	The Money Store	4:35:00
The Books	Free Translator	The Way Out	3:50:00
Dirty Projectors	Up In Hudson	Up In Hudson	7:30:00
Kendrick Lamar	untitled 02 06.23.2014.	untitled unmastered.	4:18:00
The Microphones	I Want Wind to Blow	The Glow, Pt. 2	5:32:00
Malian Musicians	Sunset Coming On	Mali Music	4:14:00
Lorn	Anvil	Vessel	3:32:00
Yung Lean	Emails	Unknown Death 2002	3:0:00
Kedr Livanskiy	Ariadna (ариадна)	Ariadna (ариадна)	5:30:00
Kirin J Callinan	Family Home	Bravado	4:59:00
Arcade Fire	I Give You Power	I Give You Power	3:43:00
Low	(That's How You Sing) Amazing Grace	Late Night Tales: Trentemøller	7:13:00
Doves	The Cedar Room	Lost Souls	7:38:00
Modest Mouse	Dark Center Of The Universe	The Moon & Antarctica	5:3:00
Preoccupations	Continental Shelf	Viet Cong	3:18:00
The Isley Brothers	That Lady, Pts. 1 & 2	3+3	5:34:00
Clams Casino	Be Somebody	32 Levels (Deluxe)	3:32:00
Thundercat	Lotus and the Jondy	Apocalypse	4:52:00
Frank Ocean	Solo	Blonde	4:17:00
Sufjan Stevens	Blue Bucket of Gold - Remix	Blue Bucket of Gold (Remix)	3:53:00
Swet Shop Boys	Din-E-iLahi	Cashmere	3:35:00
Tame Impala	'Cause I'm A Man - HAIM Remix	'Cause I'm A Man (HAIM Remix)	4:19:00
Temples	Certainty	Certainty	4:23:00
Clark	Strength Through Fragility	Clark	2:18:00
iamamiwhoami	fountain - Live	CONCERT IN BLUE	6:1:00
Here We Go Magic	Alone But Moving	A Different Ship	3:57:00
HEALTH	Crusher	Disco3	3:21:00
Phoria	Emanate	Emanate	4:25:00
Fever Ray	When I Grow Up	Fever Ray	4:31:00
John Talabot	Oro y Sangre	Fin - Special Edition	4:53:00
Tobacco	Gods in Heat	Gods in Heat	3:21:00
Mas Ysa	Gun	Gun	3:18:00
POLIÇA	Kind - Fog Remix	Kind - Remix	4:52:00
Moderat	Last Time - Live	Live	6:36:00
Run The Jewels	Meowrly (feat. BOOTS) [BOOTS Remix]	Meow The Jewels	3:34:00
C Duncan	Nothing More	The Midnight Sun	3:55:00
Röyksopp	A Monument To Everything - Kindness mix feat. Busiswa	Monument Remixes	6:5:00
Chairlift	Unfinished Business	Moth	4:33:00
Boards of Canada	Open The Light	Music Has The Right To Children	4:25:00
Aristophanes	Fly to the Moon	No Rush To Leave Dreams	4:54:00
EL VY	No Time to Crank the Sun (Tom Marsh Remix)	No Time to Crank the Sun (Tom Marsh Remix)	3:30:00
Noga Erez	Toy	Off The Radar	2:57:00
Young Fathers	Only God Knows	Only God Knows	3:51:00
Father John Misty	Real Love Baby	Real Love Baby	3:9:00
Moon Holiday	Rid U	Rid U	4:29:00
Everything Everything	No Reptiles - Jim Eno Sessions	Spotify Sessions	4:33:00
Solar Year	Brotherhood - Feat. Grimes	Waverly	5:32:00
Jpegmafia	I Just Killed a Cop Now I'm Horny	Black Ben Carson	5:53:00
Son Lux	This Time	Bones	3:50:00
Hot Chip	Keep Fallin	Coming On Strong	4:48:00
Blood Orange	No Right Thing	Cupid Deluxe	4:11:00
Julia Holter	Feel You	Have You In My Wilderness	4:8:00
Cocteau Twins	Heaven Or Las Vegas	Heaven Or Las Vegas (Remastered)	4:58:00
Black Kids	I'm Not Gonna Teach Your Boyfriend How To Dance With You	I'm Not Gonna Teach Your Boyfriend How To Dance With You	3:39:00
Jon Hopkins	Breathe This Air	Immunity	5:29:00
Dusky	Ingrid Is A Hybrid	Ingrid Is A Hybrid	4:40:00
IRAH	Into Dimensions	Into Dimensions	4:47:00
Tame Impala	Let It Happen - Soulwax Remix	Let It Happen (Soulwax Remix)	9:16:00
Deptford Goth	Feel Real	Life After Defo	4:12:00
Nick Cave & The Bad Seeds	Papa Won't Leave You, Henry - Live	Live Seeds	6:28:00
TĀLĀ	Praise	MALIKA - EP	4:13:00
Gauntlet Hair	Out, Don't	Out...Don't	4:36:00
Xiu Xiu	Falling	Plays the Music of Twin Peaks	6:56:00
Tycho	See (feat. Beacon)	See (feat. Beacon)	4:32:00
Sea Oleena	If I'm	Shallow	5:11:00
Nick Cave & The Bad Seeds	Anthrocene	Skeleton Tree	4:34:00
Bear In Heaven	Time Between - Live from Spotify SF	Spotify Sessions	4:9:00
Hangzoo	BestDriver (feat. Gaeko of Dynamic Duo)	BestDriver	5:15:00
Autre Ne Veut	Sweetheart	Body	4:6:00
Chromatics	Ceremony	Cherry	6:13:00
Jaga Jazzist	All I Know Is Tonight	What We Must	7:50:00
Perera Elsewhere	Shoes	All Of This	3:51:00
Majical Cloudz	Are You Alone?	Are You Alone?	3:50:00
Majical Cloudz	Downtown	Are You Alone?	4:9:00
Grimes	SCREAM	Art Angels	2:20:00
Thundercat	Lone Wolf and Cub	The Beyond / Where the Giants Roam	5:28:00
David Bowie	I Can't Give Everything Away	Blackstar	5:47:00
Frank Ocean	Nights	Blonde	5:7:00
Django Django	First Light	Born Under Saturn	4:48:00
Kirin J Callinan	Bravado	Bravado	3:53:00
Kirin J Callinan	S. A. D.	Bravado	3:38:00
Thundercat	Bus In These Streets	Bus In These Streets	2:28:00
Swet Shop Boys	Aaja	Cashmere	3:19:00
clipping.	Get Up	CLPPNG	2:56:00
Trimbal	Confidence Boost - Harmonimix	Confidence Boost	4:13:00
Mount Kimbie	Made To Stray (DJ Koze Remix)	CSFLY Remixes	8:8:00
Tame Impala	Let It Happen	Currents	7:47:00
Xiu Xiu	Chocolate Makes You Happy	Dear God, I Hate Myself (Original Version)	3:55:00
Beach House	Sparks	Depression Cherry	5:21:00
Dirty Projectors	Keep Your Name	Dirty Projectors	4:30:00
School Of Seven Bells	The Wait	Disconnect from Desire	6:36:00
Floating Points	Peroration Six	Elaenia	5:14:00
Kirin J Callinan	Embracism	Embracism	4:18:00
Paolo Fresu	Teardrop / Ya Habibi	Eros	7:25:00
Connan Mockasin	Forever Dolphin Love (Erol Alkan's Extended Rework Version 2)	Forever Dolphin Love (Erol Alkan's Extended Rework Version 2)	10:8:00
Oneohtrix Point Never	Sticky Drama	Garden of Delete	4:17:00
Boards of Canada	Alpha And Omega	Geogaddi	7:2:00
Jesu	The Greatest Conversation Ever in the History of the Universe (30 Days, 30 Songs)	The Greatest Conversation Ever in the History of the Universe (30 Days, 30 Songs)	9:44:00
KUČKA	Honey - Medasin Remix	Honey Remixed	3:50:00
BadBadNotGood	Can't Leave the Night	III	4:39:00
BadBadNotGood	CS60	III	6:52:00
Moderat	Ghostmother	III (Deluxe Edition)	5:57:00
White Sea	Prague	In Cold Blood	4:1:00
Niki & The Dove	The Fox	Instinct (Deluxe Version)	4:19:00
Sleigh Bells	As If	Jessica Rabbit	2:43:00
Bright Eyes	Laura Laurent	LIFTED or The Story Is in the Soil, Keep Your Ear to the Ground (Remastered)	4:56:00
Moderat	The Fool - Live	Live	4:36:00
Radiohead	Decks Dark	A Moon Shaped Pool	4:41:00
Arca	Soichiro	Mutant	4:35:00
Devonte Hynes	Big Distant Crush	Myths 001	4:53:00
Perfume Genius	Slip Away	No Shape	2:45:00
Perfume Genius	Choir	No Shape	2:28:00
Bonobo	Cirrus - Live	The North Borders Tour. — Live.	5:48:00
James Ferraro	Close Ups	NYC, Hell 3:00AM	3:6:00
KOOL A.D.	2 Late	O.K. 2	3:44:00
Jaga Jazzist	Oban - Todd Terje Remix	Oban (Todd Terje Remix)	9:48:00
Baths	Ocean Death	Ocean Death	5:29:00
Panda Bear	Selfish Gene	Panda Bear Meets The Grim Reaper	5:5:00
Clams Casino	Gorilla	Rainforest	4:15:00
Real Lies	North Circular	Real Life	5:13:00
Collarbones	Emoticon	Return	4:44:00
Oneohtrix Point Never	Ouroboros	Returnal	2:4:00
Massive Attack	Voodoo In My Blood	Ritual Spirit	4:1:00
Lapalux	Rotted Arp	Rotted Arp	4:9:00
Sun Glitters	When the Train Comes	Scattered into Light	4:22:00
Chromatics	Shadow	Shadow	3:44:00
Nick Cave & The Bad Seeds	Jesus Alone	Skeleton Tree	5:52:00
Nick Cave & The Bad Seeds	Skeleton Tree	Skeleton Tree	4:1:00
clipping.	True Believer	Splendor & Misery	3:44:00
Empress Of	Water Water (Jim Eno Sessions)	Spotify Sessions	3:52:00
Erasers	Haze and Clouds	Stem Together	5:55:00
Porcelain Raft	Drifting In And Out	Strange Weekend	3:14:00
Stephen Bailey	Sub Zero	Sub Zero	3:41:00
Bantum	Take It	Take It	4:8:00
Tkay Maidza	Carry On	TKAY	3:33:00
Boards of Canada	Twoism	Twoism	6:5:00
Salary	40˚ In The Shade	Upside Down Island	4:7:00
Machinedrum	U Still Lie	Vapor City	4:28:00
The Kite String Tangle	Arcadia	Vessel	3:33:00
No Joy	Lunar Phobia	Wait To Pleasure	3:51:00
Apparat	Arcadia	Walls	5:10:00
Warpaint	Love Is to Die	Warpaint	4:51:00
A Tribe Called Quest	Melatonin	We got it from Here... Thank You 4 Your service	4:44:00
Pond	Edge Of The World Pt. 2	The Weather	6:22:00
Heterotic	Rain	Weird Drift	4:2:00
Toro y Moi	Lilly	What For?	4:27:00
Young Fathers	Sirens	White Men Are Black Men Too	3:0:00
Youth Lagoon	Mute	Wondrous Bughouse	5:58:00
Youth Lagoon	Daisyphone	Wondrous Bughouse	5:19:00
Tyler, The Creator	Garden Shed	Flower Boy	3:43:00
Gosh Pith	Waves	Waves	4:4:00
Kevin Drew	Good Sex	Darlings	3:9:00
Puzzle	Soaring	Soaring	3:25:00
Modeselektor	Shipwreck - Radio Edit	Shipwreck	4:26:00
Trim	13th Apostle	1-800 DINOSAUR Presents Trim	3:47:00
Kendrick Lamar	untitled 06 06.30.2014.	untitled unmastered.	3:28:00
Neil Finn	The Climber - Live at the St. James	7 Worlds Collide (Live at the St. James)	4:31:00
Lorde	The Louvre	Melodrama	4:31:00
Mitski	First Love / Late Spring	Bury Me At Makeout Creek	4:38:00
Little Simz	Gratitude	A Curious Tale of Trials + Persons	3:37:00
Volcano Choir	Island, IS	Unmap	4:8:00
Bibio	Dye The Water Green	The Green EP	5:24:00
Jenny Hval	The Great Undressing	Blood Bitch	4:0:00
Mos Def	Fear Not Of Man	Black On Both Sides	4:28:00
Trim	Stretch	1-800 DINOSAUR Presents Trim	3:33:00
Koi Child	Black Panda	Koi Child	2:48:00
Danny Brown	Downward Spiral	Atrocity Exhibition	2:52:00
Young Fathers	WAR	DEAD	2:50:00
Chairlift	I Belong in Your Arms - Japanese Version	Chairlift at 6:15	3:29:00
Eno • Hyde	Daddy's Car	Someday World	4:50:00
Death Grips	Artificial Death In The West	No Love Deep Web	5:59:00
Aphex Twin	Alberto Balsam	...I Care Because You Do	5:10:00
God Colony	Se16 (feat. Flohio)	Where We Were	3:55:00
Danny Brown	Really Doe	Atrocity Exhibition	5:19:00
Small Black	Reconstruction	Real People	4:40:00
Neon Indian	Polish Girl	Era Extraña	4:24:00
Busdriver	Absolutions in the Hottentot Supercluster	Thumbs	4:33:00
De Lux	Oh Man The Future	Generation	6:56:00
Clark	Springtime Linn	Flame Rave	5:54:00
Gravenhurst	Islands	The Ghost In Daylight	8:5:00
Deptford Goth	Life After Defo	Life After Defo	3:43:00
Bright Eyes	Going For The Gold	Oh Holy Fools - The Music Of Son, Ambulance And Bright Eyes	5:7:00
Chaz Bundick Meets The Mattson 2	JBS	Star Stuff	6:42:00
Ken Ikeda	Hydantol	Tzuki (Moon)	5:19:00
Hot Chip	Need You Now	Need You Now	4:45:00
Brian Eno	Driving Me Backwards - 2004 - Remaster	Here Come The Warm Jets	5:12:00
Ruelle	Take It All	Take It All	2:58:00
Desire	Under Your Spell	Under Your Spell	4:56:00
A Tribe Called Quest	Black Spasmodic	We got it from Here... Thank You 4 Your service	3:3:00
Toro y Moi	Mona Lisa	Boo Boo	4:15:00
Lapalux	Phase Violet	Ruinism	5:4:00
Maria Usbeck	Uno De Tus Ojos	Uno De Tus Ojos	4:20:00
Lorn	Negative Jumpsuit	The Maze To Nowhere	3:45:00
James Blake	Choose Me	The Colour In Anything	5:38:00
Idris Ackamoor	Silent Days	We Be All Africans	6:4:00
Keaton Henson	March	Kindly Now	2:19:00
Lorn	Acid Rain	The Maze To Nowhere	2:52:00
Four Tet	Two Thousand and Seventeen	Two Thousand and Seventeen	4:12:00
Lone	From a Past Life	Ambivert Tools, Vol. 1	8:6:00
Four Tet	Parallel Jalebi	Beautiful Rewind	3:53:00
Porches	Car	Pool	2:35:00
Kendrick Lamar	untitled 05 09.21.2014.	untitled unmastered.	5:38:00
Usurper of Modern Medicine	Miley C and the Diamond Tea	Everything Is Nothing	5:7:00
The Go-Betweens	Orpheus Beach	The Friends Of Rachel Worth	4:50:00
Oneohtrix Point Never	Remember	Replica	3:25:00
Wolfgang Tillmans	Device Control	Device Control EP	7:3:00
Ramin Djawadi	Black Hole Sun	Westworld: Season 1 (Music from the HBO® Series)	2:29:00
Brothertiger	High Tide	Out of Touch	6:25:00
The Paradise	In Love With You	In Love With You - Single	4:14:00
ANOHNI	Paradise	Paradise	4:28:00
Vancouver Sleep Clinic	Rebirth	Winter	5:9:00
Twin Shadow	Half Life	Eclipse	3:22:00
The Flaming Lips	Suddenly Everything Has Changed	The Soft Bulletin	3:54:00
Rostam	Gravity Don't Pull Me	Gravity Don't Pull Me	4:2:00
Oneohtrix Point Never	Ezra	Garden of Delete	4:26:00
Karriem Riggins	Double Trouble	Alone Together	1:56:00
Julia Holter	Sea Calls Me Home	Have You In My Wilderness	3:7:00
Weyes Blood	Do You Need My Love	Front Row Seat To Earth	6:25:00
Volcano Choir	Alaskans	Repave	4:55:00
Jaga Jazzist	Oslo Skyline	What We Must (Incl. Bonus - Spydeberg Sessions)	5:32:00
Bright Eyes	Time Code	Digital Ash In A Digital Urn	4:28:00
Clams Casino	Natural	Rainforest	3:53:00
Kate Boy	Higher	One	3:57:00
Paul Simon	The Cool, Cool River	The Rhythm Of The Saints (2011 Remaster)	4:33:00
Deerhunter	Punk (La Vie Antérieure)	Monomania	3:27:00
Erykah Badu	Cel U Lar Device	But You Caint Use My Phone (Mixtape)	6:28:00
Xiu Xiu	Wondering	Forget	4:12:00
letherette	Slamp	Where Have All The People Gone?	3:56:00
Purple	The Deepest Night	Silence & Remorse	4:36:00
Big Black Delta	Money Rain Down	Big Black Delta (Deluxe)	4:31:00
Xiu Xiu	Ceremony	Remixed & Covered	3:46:00
PJ Harvey	The Wheel	The Hope Six Demolition Project	5:38:00
When Saints Go Machine	Infinity Killer	Infinity Pool	4:6:00
Sufjan Stevens	All of Me Wants All of You	Carrie & Lowell	3:41:00
Spoon	Do I Have to Talk You Into It	Hot Thoughts	4:20:00
Here We Go Magic	Over The Ocean	A Different Ship	4:26:00
iamamiwhoami	vista - Live	CONCERT IN BLUE	5:0:00
Bon Iver	666 ʇ	22, A Million	4:12:00
Crater	Habits Die Slow	Talk to Me so I Can Fall Asleep	4:10:00
Small Black	Limits of Desire	Limits of Desire	3:55:00
Thundercat	Song for the Dead	The Beyond / Where the Giants Roam	2:48:00
School Of Seven Bells	Open Your Eyes	SVIIB	4:19:00
Troller	Storm Maker	Graphic	6:15:00
Steve Hauschildt	Already Replaced	Tragedy & Geometry	4:3:00
Blanck Mass	Cruel Sport	Dumb Flesh	8:41:00
Mount Kimbie	Adriatic - Klaus Remix	Carbonated	5:35:00
Sky Ferreira	You’re Not The One	Night Time, My Time	3:55:00
Desaparecidos	Search the Searches	Payola	2:31:00
Boards of Canada	Chromakey Dreamcoat	The Campfire Headphase	5:47:00
Dirty Projectors	Temecula Sunrise	Bitte Orca	5:5:00
Deerhunter	Living My Life	Fading Frontier	3:49:00
Car Seat Headrest	The Ballad of the Costa Concordia	Teens Of Denial	11:30:00
Jack Garratt	The Love You're Given	Phase	5:0:00
Destroyer	Kaputt	Kaputt	6:17:00
The Mountain Goats	For the Portuguese Goth Metal Bands	Goths	4:9:00
Kendrick Lamar	untitled 07 2014 - 2016	untitled unmastered.	8:16:00
Kirin J Callinan	Friend Of Lindy Morrison	Bravado	4:3:00
Lapalux	Flickering	Flickering	3:31:00
Anna Meredith	Taken	Varmints	4:50:00
The Airborne Toxic Event	Wrong	Dope Machines	4:15:00
Them Are Us Too	Us Now	Remain	5:21:00
clipping.	Baby Don't Sleep	Splendor & Misery	3:7:00
Tidus	No Matter What	Soon You'll Understand	3:15:00
Funkadelic	Good Thoughts, Bad Thoughts	Standing On The Verge Of Getting It On	9:24:00
clipping. feat. jalene goodwin	bullshit (feat. jalene goodwin)	midcity	3:49:00
Atari Teenage Riot	Modern Liars - Fuck Buttons Remix	Modern Liars	4:0:00
Foxygen	Oh No	We Are the 21st Century Ambassadors of Peace & Magic	5:21:00
Sudan Archives	Water	Water	2:4:00
Brian Eno	Needles In The Camel's Eye - 2004 Digital Remaster	Here Come The Warm Jets	3:11:00
Son Lux	Build A Pyre (Begin Again)	Alternate Worlds	4:3:00
King Krule	The Cadet Leaps	The OOZ	4:21:00
Tobacco	Hong	Sweatbox Dynasty	1:9:00
John Cooper Clarke	I Wanna Be Yours	The Very Best Of	2:2:00
King Krule	The Locomotive	The OOZ	2:51:00
King Gizzard & The Lizard Wizard	Rattlesnake	Rattlesnake	7:48:00
Wolf Parade	Dinner Bells	Apologies to the Queen Mary (Deluxe Edition)	7:34:00
Midlake	Young Bride	The Trials Of Van Occupanther	4:51:00
HEALTH	FLESH WORLD (UK)	DEATH MAGIC	3:54:00
Methyl Ethel	Femme Maison/One Man House	Everything Is Forgotten	4:3:00
Four Tet	You Are Loved	New Energy	6:8:00
Aristophanes	Queen In The Wonderland	Humans Become Machines	3:40:00
of Montreal	Island Life	Rune Husk	5:6:00
Mac DeMarco	Chamber of Reflection (Live)	Ce sentiment de l'été (Bande originale du film)	3:46:00
Ugly Casanova	Cat Faces	Sharpen Your Teeth (Bonus Track Version)	3:36:00
Lotus Plaza	Jet Out of the Tundra	Spooky Action At a Distance	6:33:00
Kedr Livanskiy	Razrushitelniy Krug (Destructive Cycle)	January Sun	5:28:00
St. Vincent	Hang On Me	MASSEDUCTION	2:48:00
Frank Ocean	Self Control	Blonde	4:9:00
Deaths	Saviour	Saviour	2:44:00
The Antlers	Bear	Hospice	4:3:00
Princess Nokia	Green Line	1992 Deluxe	3:50:00
Have A Nice Life	Deep, Deep	Deathconsciousness	5:23:00
My Bloody Valentine	Blown A Wish - Remastered Version	Loveless	3:36:00
Connie Constance	Clouds	Clouds	3:59:00
Everything Is Recorded	Washed Up On the Shore	Close But Not Quite	3:12:00
Yeasayer	O.N.E. - Live	Good Evening Washington D.C., Live at 9:30 Club	6:4:00
Yeasayer	Ambling Alp - Live	Good Evening Washington D.C., Live at 9:30 Club	4:42:00
Johnny Rain	143	EP1	4:10:00
Collarbones	Peaking	Atlantis 2014	4:18:00
Gold Class	Twist In The Dark (friendships remix)	Twist In The Dark (friendships remix)	8:51:00
Toro y Moi	Windows	Boo Boo	4:5:00
Avey Tare	In Pieces	Eucalyptus	3:4:00
Belle & Sebastian	Your Cover's Blown	Books	6:1:00
Sufjan Stevens	Should Have Known Better - Live	Carrie & Lowell Live	6:4:00
Joy Division	Disorder - 2007 Remastered Version	Unknown Pleasures	3:29:00
Jenny Hval	Period Piece	Blood Bitch	2:41:00
Broods	Evergreen	Evergreen	4:27:00
Foxygen	Shuggie	We Are the 21st Century Ambassadors of Peace & Magic	3:21:00
Dan Deacon	When I Was Done Dying	Gliss Riffer	4:18:00
Daughter	Departure	Music From Before the Storm	4:15:00
clipping.	A Better Place	Splendor & Misery	4:25:00
Discovery	Orange Shirt	LP	3:30:00
Usurper of Modern Medicine	Mercury in Motionless Space	Everything Is Nothing	5:27:00
Bola	Vespers	Mauver	6:52:00
Oneohtrix Point Never	Replica	Replica	4:35:00
Clams Casino	Be Somebody - Instrumental	32 Levels (Deluxe)	3:32:00
J. Cole	G.O.M.D. - Live	Forest Hills Drive: Live from Fayetteville, NC	4:46:00
Shlohmo	Meet Ur Maker	Dark Red	5:23:00
Father John Misty	True Affection	I Love You, Honeybear	3:56:00
Four Tet	Evening Side - Oneohtrix Point Never Edit	Evening Side (Oneohtrix Point Never Edit)	4:2:00
Aphex Twin	Xtal	Selected Ambient Works 85-92	4:53:00
Floating Points	Silhouettes (I, II, III)	Elaenia	10:42:00
Vince Staples	Summertime	Summertime '06	4:19:00
Dirty Projectors	Knotty Pine	Knotty Pine / So Far Around The Bend	2:25:00
Daughn Gibson	Tiffany Lou	All Hell	4:36:00
Blanck Mass	Hive Mind	World Eater	8:31:00
Broken Social Scene	World Sick	Forgiveness Rock Record	6:47:00
Zammuto	Idiom Wind	Zammuto	3:56:00
Count Counsellor	Cloud Calls	& The Childhood Heroes	4:57:00
Modest Mouse	Gravity Rides Everything	The Moon & Antarctica	4:19:00
Angel Olsen	Intern	MY WOMAN	2:46:00
Marmion Shoelace	Death in Custody	Death in Custody	4:0:00
Lorn	Spinning in a Dream	A/D, Music For Picture	1:22:00
Fever Ray	This Country	Plunge	3:12:00
Professor Murder	Free Stress Test	Professor Murder Rides the Subway	4:16:00
Bishop Briggs	The Way I Do	Bishop Briggs	4:3:00
Algiers	The Underside of Power	The Underside of Power	4:12:00
Lapalux	Don't Mean A Thing	Lustmore	5:48:00
Floating Points	Silhouettes (I, II, & III)	Elaenia	10:42:00
Blood Orange	Juicy 1-4	Freetown Sound	4:35:00
Tobacco	Memory Girl	Sweatbox Dynasty	1:50:00
Arthur Russell	Answers Me	World Of Echo	2:10:00
Ra Ra Riot	Water - Jim Eno Sessions	Spotify Sessions	4:19:00
John Legend	Wake Up - Cover of Arcade Fire Song	Wake Up [Digital 45]	6:2:00
Young Fathers	Lord	Lord	3:37:00
HTMLflowers	Non-Compliant Patient	Chrome Halo	4:8:00
St. Vincent	Huey Newton	St. Vincent (Deluxe Edition)	4:37:00
Hamilton Leithauser + Rostam	A 1000 Times	I Had A Dream That You Were Mine	4:8:00
Jamie xx	All Under One Roof Raving	All Under One Roof Raving	5:59:00
DJ Shadow	The Number Song - Cut Chemist Remix	Endtroducing (Deluxe Edition)	5:13:00
The War On Drugs	Disappearing	Lost In The Dream	6:51:00
Kendrick Lamar	Money Trees	good kid, m.A.A.d city (Deluxe)	6:26:00
Clams Casino	Ghost in a Kiss	32 Levels (Deluxe)	3:57:00
Toro y Moi	The Flight	Live from Trona	4:41:00
TOKiMONSTA	Realla	Desiderium	3:30:00
Gil Scott-Heron	NY Is Killing Me	We're New Here	5:43:00
Lapalux	Push N' Spun	Lustmore	3:38:00
Gil Scott-Heron	Piano Player	We're New Here	1:16:00
Four Tet	Parallel Jalebi	Beautiful Rewind	3:53:00
New Order	Touched By The Hand Of God	In Concert 1987	4:58:00
Moderat	Bad Kingdom - Live	Live	5:30:00
Sufjan Stevens	Age of Adz	The Age of Adz	8:1:00
Kan Wakan	Molasses	Molasses	5:0:00
Shabazz Palaces	30 Clip Extension	Quazarz vs. The Jealous Machines	5:7:00
Subculture Sage	Stories and Tales	Subculture Sage EP	3:15:00
Small Black	Despicable Dogs	Small Black EP	3:53:00
A Sunny Day In Glasgow	Crushin'	Sea When Absent	4:42:00
KOOL A.D.	Manny Pacquiao	51	3:47:00
The Last Bison	Midnight City - At Spotify Live/ 2013	Spotify Sessions	4:1:00
K1llrgvp	Train	Summer (feat. Spice Mouse) - EP	3:32:00
Gold Panda	Enoshima	Half Of Where You Live	3:8:00
Ryan Adams	World War 24	Love Is Hell	4:15:00
Beck	Already Dead	Sea Change	2:58:00
Clap Your Hands Say Yeah	Unfolding Above Celibate Moon (Los Angeles Nursery Rhyme)	The Tourist	3:18:00
King Krule	Half Man Half Shark	The OOZ	5:2:00
Wilco	I'm a wheel	A ghost is born (Deluxe Version)	2:34:00
Young Fathers	LOW	DEAD	3:11:00
I Monster	Nemesis	A Dollop of HP	3:33:00
Lapalux	Forgetting and Learning Again	Some Other Time	4:18:00
D.D Dumbo	Walrus	Utopia Defeated	3:10:00
Jackson And His Computer Band	Dead Living Things	Glow	4:45:00
Big Grams	Run for Your Life	Big Grams	3:56:00
Desaparecidos	Mañana	Read Music/Speak Spanish	3:24:00
Desaparecidos	Greater Omaha	Read Music/Speak Spanish	4:14:00
Modest Mouse	Dramamine	This Is A Long Drive For Someone With Nothing To Think About	5:42:00
Jamie xx	Gosh	In Colour	4:51:00
Low	Just Like Christmas	Christmas	3:8:00
SOPHIE	It's Okay To Cry	It's Okay To Cry	3:51:00
KOHH	Dirt Boys	DIRT	5:17:00
The Drones	Shark Fin Blues	Wait Long By the River and the Bodies of Your Enemies Will Float By	5:43:00
Lazy Susan	Bobby Fischer	Long Lost	3:45:00
Grizzly Bear	Losing All Sense	Painted Ruins	5:5:00
Kendrick Lamar	untitled 07 levitate	untitled 07 levitate	2:26:00
of Montreal	Gronlandic Edit	Hissing Fauna, Are You The Destroyer?	3:24:00
Wolf Parade	You Are A Runner And I Am My Father's Son	Apologies To The Queen Mary	2:54:00
Twin Shadow	Slow	Forget	3:54:00
Animal Collective	FloriDada	Painting With	4:5:00
Radiohead	Lift	OK Computer OKNOTOK 1997 2017	4:6:00
Zammuto	Too Late to Topologize	Zammuto	3:38:00
Sonny & The Sunsets	Green Blood	Antenna To The Afterworld	4:21:00
Sufjan Stevens	A Winner Needs a Wand	A Sun Came (reissue)	5:44:00
Young Fathers	Ebony Sky	Tape Two	3:35:00
Tycho	Plains - Baio Remix	Awake (Deluxe Version)	4:36:00
Land of the Loops	Multi-Family Garage Sale (Bargain-Bin Mix)	Bundle of Joy	4:15:00
Grievous Bodily Calm	Bennu (Live)	Thought Tapes (Live)	6:29:00
Sunset Rubdown	Stadiums And Shrines II	Shut Up I Am Dreaming	3:57:00
SOPHIE	It's Okay To Cry	It's Okay To Cry	3:51:00
Matt and Kim	Daylight	Grand	2:51:00
Gil Scott-Heron	My Cloud	We're New Here	4:27:00
Tycho	Awake	Awake	4:43:00
Shabazz Palaces	Forerunner Foray	Lese Majesty	3:48:00
Delicate Steve	Ramona Reborn	Positive Force	3:9:00
Rostam	Don't Let It Get To You	Half-Light	5:17:00
Empress Of	Go to Hell	Go to Hell	3:9:00
Unknown Mortal Orchestra	Can't Keep Checking My Phone - SILICON Rework	Can't Keep Checking My Phone (SILICON Rework)	3:31:00
Trim	Before I Lied	1-800 DINOSAUR Presents Trim	3:23:00
Car Seat Headrest	Drunk Drivers/Killer Whales	Teens Of Denial	6:14:00
Car Seat Headrest	Cosmic Hero	Teens Of Denial	8:31:00
St. Vincent	New York	MASSEDUCTION	2:34:00
HEALTH	HARD TO BE A GOD	HARD TO BE A GOD	2:55:00
Perfume Genius	Go Ahead	No Shape	2:53:00
Arca	Castration	Arca	3:21:00
Kevin Abstract	American Boyfriend	American Boyfriend: A Suburban Love Story	3:58:00
Rostam	Gravity Don't Pull Me (Official Video)		4:0:00
Baths	Lovely Bloodflow	Cerulean	3:35:00
KAYTRANADA	YOU'RE THE ONE	99.9%	3:47:00
Courtney Barnett	Fear Is Like A Forest	Lotta Sea Lice	4:47:00
Xiu Xiu	Wondering	FORGET	4:12:00
Jonathan Boulet	Mangle Trang	We Keep The Beat, Found The Sound, See The Need, Start The Heart	3:32:00
Wolf Parade	King of Piss and Paper	Cry Cry Cry	4:47:00
of Montreal	let's relate	Innocence Reaches	3:53:00
Cloud Control	Dream Cave	Dream Cave	6:8:00
Gorillaz	Garage Palace (feat. Little Simz)	Garage Palace (feat. Little Simz)	2:31:00
Beach Fossils	Out in the Way (feat. Wild Nothing)	What a Pleasure	3:52:00
Solange	Losing You	True	4:20:00
Apparat	Limelight	Walls	4:12:00
Yeasayer	I Am Chemistry	Amen & Goodbye	5:1:00
Slothrust	Crockpot	Of Course You Do	5:25:00
Wolf Alice	Heavenward	Heavenward	4:55:00
Basenji	Mistakes	Mistakes	3:46:00
MGMT	Little Dark Age	Little Dark Age	4:59:00
Jamie xx	Far Nearer	Far Nearer	6:50:00
Chairlift	Met Before - The Field Remix	Chairlift at 6:15	6:31:00
The Dø	A Mess Like This / Omen (Live at l’Olympia, Paris)	Live at l’Olympia, Paris	7:27:00
Cloud Control	Gold Canary (Live from Spotify Sydney)	Spotify Sessions	3:39:00
Jessica Lea Mayfield	Oblivious	Make My Head Sing…	3:16:00
Rostam	Pink Moon - Recorded at Spotify Studios NYC	Spotify Singles	2:27:00
Princess Nokia	Goth Kid	1992 Deluxe	3:56:00
Mr Jukes	Typhoon	God First	5:29:00
Tune-Yards	Home	I can feel you creep into my private life	4:18:00
Shobaleader One	Journey To Reedham	Elektrac	6:55:00